<?xml version = '1.0' encoding = 'UTF-8'?>
<relationalModel class="oracle.dbtools.crest.model.design.relational.RelationalDesign" name="Relational_1" id="C4305F39-26BA-1EDB-4F90-476A39ACB165" mainViewID="6D2A4F22-0A3F-9327-2D3F-D23F275038D1">
<createdBy>ccast</createdBy>
<createdTime>2024-10-13 18:02:15 UTC</createdTime>
<ownerDesignName>Modelo_Cultivo_Sensor</ownerDesignName>
<shouldBeOpen>false</shouldBeOpen>
<selectedRDBMSSite>32076570-2523-435C-2E92-BF29817DFF70</selectedRDBMSSite>
</relationalModel>