<?xml version = '1.0' encoding = 'UTF-8'?>
<Entity class="oracle.dbtools.crest.model.design.logical.Entity" directorySegmentName="seg_0" id="0FE891C3-7DC3-BF30-ECE9-B7582B41079F" name="tb_agro_sensor">
<createdBy>ccast</createdBy>
<createdTime>2024-10-13 18:44:59 UTC</createdTime>
<ownerDesignName>Modelo_Cultivo_Sensor</ownerDesignName>
<engineerTo>
<item key="C4305F39-26BA-1EDB-4F90-476A39ACB165" value="true"/>
</engineerTo>
<adequatelyNormalized>NO</adequatelyNormalized>
<expectedVolumes>0</expectedVolumes>
<fwdEngineeringStrategyName>Single Table</fwdEngineeringStrategyName>
<growthPercent>0</growthPercent>
<growthType>Year</growthType>
<maxVolumes>9999999</maxVolumes>
<minVolumes>0</minVolumes>
<normalForm>Third</normalForm>
<attributes itemClass="oracle.dbtools.crest.model.design.logical.Attribute">
<Attribute name="sensor_id" id="60A16E62-E388-1F7F-0E1E-19E9E9C3C4DF">
<createdBy>ccast</createdBy>
<createdTime>2024-10-13 19:20:04 UTC</createdTime>
<ownerDesignName>Modelo_Cultivo_Sensor</ownerDesignName>
<engineerTo>
<item key="C4305F39-26BA-1EDB-4F90-476A39ACB165" value="true"/>
</engineerTo>
<useDomainConstraints>false</useDomainConstraints>
<use>1</use>
<logicalDatatype>LOGDT019</logicalDatatype>
<dataTypePrecision>10</dataTypePrecision>
<ownDataTypeParameters>,10,</ownDataTypeParameters>
</Attribute>
<Attribute name="tp_sensor_id" id="BFA02ED0-41EA-5483-AD2C-4FCA8A6A58CD">
<createdBy>ccast</createdBy>
<createdTime>2024-10-13 19:19:20 UTC</createdTime>
<generatorID>15D3F851-283A-2208-13E5-21218FE32386</generatorID>
<ownerDesignName>Modelo_Cultivo_Sensor</ownerDesignName>
<engineerTo>
<item key="C4305F39-26BA-1EDB-4F90-476A39ACB165" value="true"/>
</engineerTo>
<referedAttribute>D40743F1-42C6-503D-A176-512B9642D9BC</referedAttribute>
<useDomainConstraints>false</useDomainConstraints>
<use>1</use>
<logicalDatatype>LOGDT019</logicalDatatype>
<dataTypePrecision>10</dataTypePrecision>
<ownDataTypeParameters>,,</ownDataTypeParameters>
</Attribute>
<Attribute name="descricao" id="7670A4E3-BC44-5840-DDF0-99F1B0EB92CE">
<createdBy>ccast</createdBy>
<createdTime>2024-10-13 19:20:26 UTC</createdTime>
<ownerDesignName>Modelo_Cultivo_Sensor</ownerDesignName>
<engineerTo>
<item key="C4305F39-26BA-1EDB-4F90-476A39ACB165" value="true"/>
</engineerTo>
<useDomainConstraints>false</useDomainConstraints>
<use>1</use>
<logicalDatatype>LOGDT025</logicalDatatype>
<dataTypeSize>120</dataTypeSize>
<ownDataTypeParameters>120,,</ownDataTypeParameters>
</Attribute>
<Attribute name="sit" id="9D19E7BB-C15A-76AC-1D0E-69C4963D6189">
<createdBy>ccast</createdBy>
<createdTime>2024-10-13 19:22:21 UTC</createdTime>
<ownerDesignName>Modelo_Cultivo_Sensor</ownerDesignName>
<engineerTo>
<item key="C4305F39-26BA-1EDB-4F90-476A39ACB165" value="true"/>
</engineerTo>
<useDomainConstraints>false</useDomainConstraints>
<use>1</use>
<logicalDatatype>LOGDT019</logicalDatatype>
<dataTypePrecision>1</dataTypePrecision>
<ownDataTypeParameters>,1,</ownDataTypeParameters>
</Attribute>
</attributes>
<identifiers itemClass="oracle.dbtools.crest.model.design.logical.CandidateKey">
<identifier id="BBE5F3BF-782C-CA88-505C-98D849E160E8" name="tb_agro_sensor PK">
<createdBy>ccast</createdBy>
<createdTime>2024-10-13 19:20:21 UTC</createdTime>
<ownerDesignName>Modelo_Cultivo_Sensor</ownerDesignName>
<engineerTo>
<item key="C4305F39-26BA-1EDB-4F90-476A39ACB165" value="true"/>
</engineerTo>
<pk>true</pk>
<usedAttributes>
<attributeRef>60A16E62-E388-1F7F-0E1E-19E9E9C3C4DF</attributeRef>
</usedAttributes>
</identifier>
</identifiers>
</Entity>