<?xml version = '1.0' encoding = 'UTF-8'?>
<Entity class="oracle.dbtools.crest.model.design.logical.Entity" directorySegmentName="seg_0" id="970F733E-7AB5-3AF3-F0D1-BB570C1FE355" name="tb_agro_tp_sensor">
<createdBy>ccast</createdBy>
<createdTime>2024-10-13 18:45:50 UTC</createdTime>
<ownerDesignName>Modelo_Cultivo_Sensor</ownerDesignName>
<engineerTo>
<item key="C4305F39-26BA-1EDB-4F90-476A39ACB165" value="true"/>
</engineerTo>
<adequatelyNormalized>NO</adequatelyNormalized>
<expectedVolumes>0</expectedVolumes>
<fwdEngineeringStrategyName>Single Table</fwdEngineeringStrategyName>
<growthPercent>0</growthPercent>
<growthType>Year</growthType>
<maxVolumes>9999999</maxVolumes>
<minVolumes>0</minVolumes>
<normalForm>Third</normalForm>
<attributes itemClass="oracle.dbtools.crest.model.design.logical.Attribute">
<Attribute name="tp_sensor_id" id="D40743F1-42C6-503D-A176-512B9642D9BC">
<createdBy>ccast</createdBy>
<createdTime>2024-10-13 19:18:39 UTC</createdTime>
<ownerDesignName>Modelo_Cultivo_Sensor</ownerDesignName>
<engineerTo>
<item key="C4305F39-26BA-1EDB-4F90-476A39ACB165" value="true"/>
</engineerTo>
<useDomainConstraints>false</useDomainConstraints>
<use>1</use>
<logicalDatatype>LOGDT019</logicalDatatype>
<dataTypePrecision>10</dataTypePrecision>
<ownDataTypeParameters>,10,</ownDataTypeParameters>
</Attribute>
<Attribute name="descricao" id="773C412C-81AB-5C84-0642-5658BAAAAA5E">
<createdBy>ccast</createdBy>
<createdTime>2024-10-13 19:18:55 UTC</createdTime>
<ownerDesignName>Modelo_Cultivo_Sensor</ownerDesignName>
<engineerTo>
<item key="C4305F39-26BA-1EDB-4F90-476A39ACB165" value="true"/>
</engineerTo>
<useDomainConstraints>false</useDomainConstraints>
<use>1</use>
<logicalDatatype>LOGDT025</logicalDatatype>
<dataTypeSize>120</dataTypeSize>
<ownDataTypeParameters>120,,</ownDataTypeParameters>
</Attribute>
<Attribute name="sit" id="289CF17E-390D-AC10-395B-EB9DCDA6224B">
<createdBy>ccast</createdBy>
<createdTime>2024-10-13 19:19:33 UTC</createdTime>
<ownerDesignName>Modelo_Cultivo_Sensor</ownerDesignName>
<engineerTo>
<item key="C4305F39-26BA-1EDB-4F90-476A39ACB165" value="true"/>
</engineerTo>
<useDomainConstraints>false</useDomainConstraints>
<use>1</use>
<logicalDatatype>LOGDT019</logicalDatatype>
<dataTypePrecision>1</dataTypePrecision>
<ownDataTypeParameters>,1,</ownDataTypeParameters>
</Attribute>
</attributes>
<identifiers itemClass="oracle.dbtools.crest.model.design.logical.CandidateKey">
<identifier id="39593D63-A8A1-8DAC-CEEC-209D58AA4796" name="tb_agro_tp_sensor PK">
<createdBy>ccast</createdBy>
<createdTime>2024-10-13 19:18:54 UTC</createdTime>
<ownerDesignName>Modelo_Cultivo_Sensor</ownerDesignName>
<engineerTo>
<item key="C4305F39-26BA-1EDB-4F90-476A39ACB165" value="true"/>
</engineerTo>
<pk>true</pk>
<usedAttributes>
<attributeRef>D40743F1-42C6-503D-A176-512B9642D9BC</attributeRef>
</usedAttributes>
</identifier>
</identifiers>
</Entity>