<?xml version = '1.0' encoding = 'UTF-8'?>
<Entity class="oracle.dbtools.crest.model.design.logical.Entity" directorySegmentName="seg_0" id="C866A99E-DEDF-D7D1-3FD1-2A4EEA559BB1" name="tb_agro_registro_previsao">
<createdBy>ccast</createdBy>
<createdTime>2024-10-13 18:51:54 UTC</createdTime>
<ownerDesignName>Modelo_Cultivo_Sensor</ownerDesignName>
<engineerTo>
<item key="C4305F39-26BA-1EDB-4F90-476A39ACB165" value="true"/>
</engineerTo>
<adequatelyNormalized>NO</adequatelyNormalized>
<expectedVolumes>0</expectedVolumes>
<fwdEngineeringStrategyName>Single Table</fwdEngineeringStrategyName>
<growthPercent>0</growthPercent>
<growthType>Year</growthType>
<maxVolumes>9999999</maxVolumes>
<minVolumes>0</minVolumes>
<normalForm>Third</normalForm>
<attributes itemClass="oracle.dbtools.crest.model.design.logical.Attribute">
<Attribute name="previsao_id" id="568B1FB0-9388-867C-AE41-393A8AF1FD13">
<createdBy>ccast</createdBy>
<createdTime>2024-10-13 20:11:01 UTC</createdTime>
<ownerDesignName>Modelo_Cultivo_Sensor</ownerDesignName>
<engineerTo>
<item key="C4305F39-26BA-1EDB-4F90-476A39ACB165" value="true"/>
</engineerTo>
<useDomainConstraints>false</useDomainConstraints>
<use>1</use>
<logicalDatatype>LOGDT019</logicalDatatype>
<dataTypePrecision>10</dataTypePrecision>
<ownDataTypeParameters>,10,</ownDataTypeParameters>
</Attribute>
<Attribute name="area_id" id="9634E7D0-8C01-D39D-015A-1C57BEB69A3C">
<createdBy>ccast</createdBy>
<createdTime>2024-10-13 21:22:24 UTC</createdTime>
<generatorID>DFD9871E-CA55-74FA-820F-67FB05FB31DE</generatorID>
<ownerDesignName>Modelo_Cultivo_Sensor</ownerDesignName>
<engineerTo>
<item key="C4305F39-26BA-1EDB-4F90-476A39ACB165" value="true"/>
</engineerTo>
<referedAttribute>CD8B25D9-17CB-9292-E2E7-3D2C9DB739B1</referedAttribute>
<useDomainConstraints>false</useDomainConstraints>
<use>1</use>
<logicalDatatype>LOGDT019</logicalDatatype>
<dataTypePrecision>10</dataTypePrecision>
<ownDataTypeParameters>,,</ownDataTypeParameters>
</Attribute>
<Attribute name="data" id="97B92AB2-715E-00AF-7FBE-A7A4D5BAEAF7">
<createdBy>ccast</createdBy>
<createdTime>2024-10-13 20:11:25 UTC</createdTime>
<ownerDesignName>Modelo_Cultivo_Sensor</ownerDesignName>
<engineerTo>
<item key="C4305F39-26BA-1EDB-4F90-476A39ACB165" value="true"/>
</engineerTo>
<useDomainConstraints>false</useDomainConstraints>
<use>1</use>
<logicalDatatype>LOGDT007</logicalDatatype>
<ownDataTypeParameters>,,</ownDataTypeParameters>
</Attribute>
<Attribute name="cant_agua" id="CB62F084-7B3D-20D8-77BC-6E87771B2022">
<createdBy>ccast</createdBy>
<createdTime>2024-10-13 20:12:07 UTC</createdTime>
<ownerDesignName>Modelo_Cultivo_Sensor</ownerDesignName>
<engineerTo>
<item key="C4305F39-26BA-1EDB-4F90-476A39ACB165" value="true"/>
</engineerTo>
<useDomainConstraints>false</useDomainConstraints>
<use>1</use>
<logicalDatatype>LOGDT019</logicalDatatype>
<dataTypePrecision>10</dataTypePrecision>
<dataTypeScale>2</dataTypeScale>
<ownDataTypeParameters>,10,2</ownDataTypeParameters>
</Attribute>
<Attribute name="cant_nut_p" id="7110EA0E-79A9-2B50-16EF-F612661450F9">
<createdBy>ccast</createdBy>
<createdTime>2024-10-13 20:12:31 UTC</createdTime>
<ownerDesignName>Modelo_Cultivo_Sensor</ownerDesignName>
<engineerTo>
<item key="C4305F39-26BA-1EDB-4F90-476A39ACB165" value="true"/>
</engineerTo>
<useDomainConstraints>false</useDomainConstraints>
<use>1</use>
<logicalDatatype>LOGDT019</logicalDatatype>
<dataTypePrecision>10</dataTypePrecision>
<dataTypeScale>2</dataTypeScale>
<ownDataTypeParameters>,10,2</ownDataTypeParameters>
</Attribute>
<Attribute name="cant_nut_k" id="F82E99F6-849A-1BE9-1A96-F3BBB61E539B">
<createdBy>ccast</createdBy>
<createdTime>2024-10-13 20:12:50 UTC</createdTime>
<ownerDesignName>Modelo_Cultivo_Sensor</ownerDesignName>
<engineerTo>
<item key="C4305F39-26BA-1EDB-4F90-476A39ACB165" value="true"/>
</engineerTo>
<useDomainConstraints>false</useDomainConstraints>
<use>1</use>
<logicalDatatype>LOGDT019</logicalDatatype>
<dataTypePrecision>10</dataTypePrecision>
<dataTypeScale>2</dataTypeScale>
<ownDataTypeParameters>,10,2</ownDataTypeParameters>
</Attribute>
</attributes>
<identifiers itemClass="oracle.dbtools.crest.model.design.logical.CandidateKey">
<identifier id="67ADEBB8-A654-1CB2-E327-8CD3C6EA3505" name="tb_agro_registro_previsao PK">
<createdBy>ccast</createdBy>
<createdTime>2024-10-17 00:50:27 UTC</createdTime>
<ownerDesignName>Modelo_Cultivo_Sensor</ownerDesignName>
<shouldEngineer>false</shouldEngineer>
<engineerTo>
<item key="C4305F39-26BA-1EDB-4F90-476A39ACB165" value="false"/>
</engineerTo>
<pk>true</pk>
<usedAttributes>
<attributeRef>568B1FB0-9388-867C-AE41-393A8AF1FD13</attributeRef>
</usedAttributes>
</identifier>
</identifiers>
</Entity>