<?xml version = '1.0' encoding = 'UTF-8'?>
<FKIndexAssociation class="oracle.dbtools.crest.model.design.relational.FKIndexAssociation" directorySegmentName="seg_0" id="185DFB57-B390-9569-6942-66873C469C72" containerWithKeyObject="E9B41F21-90C1-7F92-0CA1-6620A7B7BDAC" localFKIndex="01445AD3-BC4D-CDE8-F322-3DE89AC69BB3" name="tb_agro_r_cultura_FK">
<createdBy>ccast</createdBy>
<createdTime>2024-10-13 21:15:17 UTC</createdTime>
<generatorID>CCB6588B-C357-D816-45A7-A2319E8A3EB0</generatorID>
<ownerDesignName>Modelo_Cultivo_Sensor</ownerDesignName>
<referredTableLongName>tb_agro_cultura</referredTableLongName>
<deleteRule>NO ACTION</deleteRule>
<referredTableID>F45A670A-E265-3FEC-85F5-400228F0BC22</referredTableID>
<keyObject>46AEE820-9DA4-4AAE-F29D-549C2638743B</keyObject>
<referredKeyID>46AEE820-9DA4-4AAE-F29D-549C2638743B</referredKeyID>
<mandatory>true</mandatory>
<refColNames>cultura_id</refColNames>
<transferable>true</transferable>
<rely>false</rely>
<columnDependencyConstraintGenerateInDDL>true</columnDependencyConstraintGenerateInDDL>
</FKIndexAssociation>