<?xml version = '1.0' encoding = 'UTF-8'?>
<FKIndexAssociation class="oracle.dbtools.crest.model.design.relational.FKIndexAssociation" directorySegmentName="seg_0" id="43CCF1CE-DAD3-550C-EE1D-9600E97418E8" containerWithKeyObject="9F0C582E-3A08-9B32-BFE7-B2715E30271D" localFKIndex="D9BF25BC-9F2E-6C0F-E11E-B8D8D33B597C" name="FK_tb_agro_manutencao_area">
<createdBy>ccast</createdBy>
<createdTime>2024-10-13 21:24:54 UTC</createdTime>
<generatorID>7666F877-E971-01E0-5184-1A44CE3124ED</generatorID>
<ownerDesignName>Modelo_Cultivo_Sensor</ownerDesignName>
<referredTableLongName>tb_agro_area</referredTableLongName>
<deleteRule>NO ACTION</deleteRule>
<referredTableID>D2D7E9C9-9F53-858E-236F-48356ED6F78F</referredTableID>
<keyObject>F184FA06-8A9D-A0DE-8CE4-062AC557FCE3</keyObject>
<referredKeyID>F184FA06-8A9D-A0DE-8CE4-062AC557FCE3</referredKeyID>
<mandatory>true</mandatory>
<refColNames>area_id</refColNames>
<transferable>true</transferable>
<rely>false</rely>
<columnDependencyConstraintGenerateInDDL>true</columnDependencyConstraintGenerateInDDL>
</FKIndexAssociation>