<?xml version = '1.0' encoding = 'UTF-8'?>
<Diagram class="oracle.dbtools.crest.swingui.logical.DPVLogical" name="Logical" id="C7FD6FDD-78B1-D968-D4A9-41CBD67A6E27">
<createdBy>ccast</createdBy>
<modifiedBy>ccast</modifiedBy>
<createdTime>2024-10-13 18:43:51 UTC</createdTime>
<autoRoute>false</autoRoute>
<boxInbox>true</boxInbox>
<showLegend>false</showLegend>
<showLabels>false</showLabels>
<showRelAttributes>true</showRelAttributes>
<gridEnabled>false</gridEnabled>
<showGrid>false</showGrid>
<diagramColor>-1</diagramColor>
<display>false</display>
<notation>2</notation>
<objectViews>
<OView class="oracle.dbtools.crest.swingui.logical.TVEntity" oid="0FE891C3-7DC3-BF30-ECE9-B7582B41079F" otype="Entity" vid="2EFC0BB0-EFAE-4C42-1FB7-E6F2535E45A2">
<hideElementsInCurrentOnly>false</hideElementsInCurrentOnly>
<bounds x="43" y="247" width="202" height="110"/>
</OView>
<OView class="oracle.dbtools.crest.swingui.logical.TVEntity" oid="12DBFCD3-1EC0-7C6D-EB42-4C4799692FF1" otype="Entity" vid="B01E7B3E-0595-97BE-8A63-6DABAA6CBA5A">
<hideElementsInCurrentOnly>false</hideElementsInCurrentOnly>
<bounds x="421" y="298" width="187" height="157"/>
<useDefaultColor>false</useDefaultColor>
<backgroundColor>-6684928</backgroundColor>
<foregroundColor>-16776961</foregroundColor>
</OView>
<OView class="oracle.dbtools.crest.swingui.logical.TVEntity" oid="3B29DF71-0DA2-31DE-CC3D-7F1D882B5649" otype="Entity" vid="A439C0B6-C184-E316-E3B7-FD757DA6392E">
<hideElementsInCurrentOnly>false</hideElementsInCurrentOnly>
<bounds x="417" y="58" width="190" height="119"/>
</OView>
<OView class="oracle.dbtools.crest.swingui.logical.TVEntity" oid="6E57850A-2C6A-DF71-732D-7A87267A2986" otype="Entity" vid="DE8F960B-E1D3-5D38-E5B5-0B5D4D5C12F0">
<hideElementsInCurrentOnly>false</hideElementsInCurrentOnly>
<bounds x="724" y="213" width="210" height="152"/>
</OView>
<OView class="oracle.dbtools.crest.swingui.logical.TVEntity" oid="970F733E-7AB5-3AF3-F0D1-BB570C1FE355" otype="Entity" vid="C249E5CF-5691-7417-8EBB-D016B40BDAF2">
<hideElementsInCurrentOnly>false</hideElementsInCurrentOnly>
<bounds x="37" y="404" width="207" height="110"/>
</OView>
<OView class="oracle.dbtools.crest.swingui.logical.TVEntity" oid="C866A99E-DEDF-D7D1-3FD1-2A4EEA559BB1" otype="Entity" vid="2D58CE91-2872-CF0D-A105-22653ABA9757">
<hideElementsInCurrentOnly>false</hideElementsInCurrentOnly>
<bounds x="728" y="59" width="240" height="135"/>
</OView>
<OView class="oracle.dbtools.crest.swingui.logical.TVEntity" oid="C8A5E7C0-A699-1623-9C6E-DE6BE5A410EF" otype="Entity" vid="A9F24AAA-0E2B-89CE-0AAE-F48533EB7C34">
<hideElementsInCurrentOnly>false</hideElementsInCurrentOnly>
<bounds x="45" y="44" width="202" height="196"/>
</OView>
</objectViews>
<connectors>
<Connector class="oracle.dbtools.crest.swingui.logical.TVRelation" oid="15D3F851-283A-2208-13E5-21218FE32386" otype="Relation" vid_source="C249E5CF-5691-7417-8EBB-D016B40BDAF2" vid_target="2EFC0BB0-EFAE-4C42-1FB7-E6F2535E45A2">
<hideElementsInCurrentOnly>false</hideElementsInCurrentOnly>
<backgroundColor>-16777216</backgroundColor>
<lineWidth>1</lineWidth>
<points>
<point x="143" y="404"/>
<point x="143" y="357"/>
</points>
</Connector>
<Connector class="oracle.dbtools.crest.swingui.logical.TVRelation" oid="626879ED-C2BB-3CA6-71EF-8FC0236086A1" otype="Relation" vid_source="A439C0B6-C184-E316-E3B7-FD757DA6392E" vid_target="B01E7B3E-0595-97BE-8A63-6DABAA6CBA5A">
<hideElementsInCurrentOnly>false</hideElementsInCurrentOnly>
<backgroundColor>-16777216</backgroundColor>
<lineWidth>1</lineWidth>
<points>
<point x="514" y="177"/>
<point x="514" y="298"/>
</points>
</Connector>
<Connector class="oracle.dbtools.crest.swingui.logical.TVRelation" oid="7666F877-E971-01E0-5184-1A44CE3124ED" otype="Relation" vid_source="A439C0B6-C184-E316-E3B7-FD757DA6392E" vid_target="DE8F960B-E1D3-5D38-E5B5-0B5D4D5C12F0">
<hideElementsInCurrentOnly>false</hideElementsInCurrentOnly>
<backgroundColor>-16777216</backgroundColor>
<lineWidth>1</lineWidth>
<points>
<point x="607" y="168"/>
<point x="724" y="232"/>
</points>
</Connector>
<Connector class="oracle.dbtools.crest.swingui.logical.TVRelation" oid="CCB6588B-C357-D816-45A7-A2319E8A3EB0" otype="Relation" vid_source="A9F24AAA-0E2B-89CE-0AAE-F48533EB7C34" vid_target="A439C0B6-C184-E316-E3B7-FD757DA6392E">
<hideElementsInCurrentOnly>false</hideElementsInCurrentOnly>
<backgroundColor>-16777216</backgroundColor>
<lineWidth>1</lineWidth>
<points>
<point x="247" y="117"/>
<point x="417" y="117"/>
</points>
</Connector>
<Connector class="oracle.dbtools.crest.swingui.logical.TVRelation" oid="DFD9871E-CA55-74FA-820F-67FB05FB31DE" otype="Relation" vid_source="A439C0B6-C184-E316-E3B7-FD757DA6392E" vid_target="2D58CE91-2872-CF0D-A105-22653ABA9757">
<hideElementsInCurrentOnly>false</hideElementsInCurrentOnly>
<backgroundColor>-16777216</backgroundColor>
<lineWidth>1</lineWidth>
<points>
<point x="607" y="118"/>
<point x="728" y="118"/>
</points>
</Connector>
<Connector class="oracle.dbtools.crest.swingui.logical.TVRelation" oid="E401292A-5182-AE57-A473-3D9F9297A9D4" otype="Relation" vid_source="2EFC0BB0-EFAE-4C42-1FB7-E6F2535E45A2" vid_target="B01E7B3E-0595-97BE-8A63-6DABAA6CBA5A">
<hideElementsInCurrentOnly>false</hideElementsInCurrentOnly>
<backgroundColor>-16777216</backgroundColor>
<lineWidth>1</lineWidth>
<points>
<point x="245" y="327"/>
<point x="421" y="327"/>
</points>
</Connector>
</connectors>
</Diagram>