<?xml version = '1.0' encoding = 'UTF-8'?>
<Table class="oracle.dbtools.crest.model.design.relational.Table" directorySegmentName="seg_0" id="6601663C-7C76-E039-AC23-01A24F7AEA51" name="tb_agro_tp_sensor">
<createdBy>ccast</createdBy>
<createdTime>2024-10-13 21:15:17 UTC</createdTime>
<generatorID>970F733E-7AB5-3AF3-F0D1-BB570C1FE355</generatorID>
<ownerDesignName>Modelo_Cultivo_Sensor</ownerDesignName>
<allowColumnReorder>false</allowColumnReorder>
<existDependencyGenerateInDDl>true</existDependencyGenerateInDDl>
<parsed>true</parsed>
<columns itemClass="oracle.dbtools.crest.model.design.relational.Column">
<Column name="tp_sensor_id" id="60E701E8-2C3D-2859-0AA7-8424691EB05B">
<createdBy>ccast</createdBy>
<createdTime>2024-10-13 21:15:17 UTC</createdTime>
<generatorID>D40743F1-42C6-503D-A176-512B9642D9BC</generatorID>
<ownerDesignName>Modelo_Cultivo_Sensor</ownerDesignName>
<useDomainConstraints>false</useDomainConstraints>
<use>1</use>
<logicalDatatype>LOGDT019</logicalDatatype>
<dataTypePrecision>10</dataTypePrecision>
<ownDataTypeParameters>,10,</ownDataTypeParameters>
<autoIncrementCycle>false</autoIncrementCycle>
</Column>
<Column name="descricao" id="D5BED685-4012-94B5-A1B3-40908A8AA120">
<createdBy>ccast</createdBy>
<createdTime>2024-10-13 21:15:17 UTC</createdTime>
<generatorID>773C412C-81AB-5C84-0642-5658BAAAAA5E</generatorID>
<ownerDesignName>Modelo_Cultivo_Sensor</ownerDesignName>
<useDomainConstraints>false</useDomainConstraints>
<use>1</use>
<logicalDatatype>LOGDT025</logicalDatatype>
<dataTypeSize>120</dataTypeSize>
<ownDataTypeParameters>120,,</ownDataTypeParameters>
<autoIncrementCycle>false</autoIncrementCycle>
</Column>
<Column name="sit" id="3D0F9274-0A5E-4D40-FC3B-7E7A2B6B975F">
<createdBy>ccast</createdBy>
<createdTime>2024-10-13 21:15:17 UTC</createdTime>
<generatorID>289CF17E-390D-AC10-395B-EB9DCDA6224B</generatorID>
<ownerDesignName>Modelo_Cultivo_Sensor</ownerDesignName>
<useDomainConstraints>false</useDomainConstraints>
<use>1</use>
<logicalDatatype>LOGDT019</logicalDatatype>
<dataTypePrecision>1</dataTypePrecision>
<ownDataTypeParameters>,1,</ownDataTypeParameters>
<autoIncrementCycle>false</autoIncrementCycle>
</Column>
</columns>
<indexes itemClass="oracle.dbtools.crest.model.design.relational.Index">
<ind_PK_UK id="7A47CEE4-B1B0-CA0E-523D-936048F0662F" name="tb_agro_tp_sensor_PK">
<createdBy>ccast</createdBy>
<createdTime>2024-10-13 21:15:17 UTC</createdTime>
<generatorID>39593D63-A8A1-8DAC-CEEC-209D58AA4796</generatorID>
<ownerDesignName>Modelo_Cultivo_Sensor</ownerDesignName>
<pk>true</pk>
<indexState>Primary Constraint</indexState>
<isSurrogateKey>false</isSurrogateKey>
<indexColumnUsage>
<colUsage columnID="60E701E8-2C3D-2859-0AA7-8424691EB05B"/>
</indexColumnUsage>
</ind_PK_UK>
</indexes>
</Table>