<?xml version = '1.0' encoding = 'UTF-8'?>
<Table class="oracle.dbtools.crest.model.design.relational.Table" directorySegmentName="seg_0" id="6B8E1216-7A9D-9478-F34E-4D0E063A34A4" name="tb_agro_sensor">
<createdBy>ccast</createdBy>
<createdTime>2024-10-13 21:15:17 UTC</createdTime>
<generatorID>0FE891C3-7DC3-BF30-ECE9-B7582B41079F</generatorID>
<ownerDesignName>Modelo_Cultivo_Sensor</ownerDesignName>
<allowColumnReorder>false</allowColumnReorder>
<existDependencyGenerateInDDl>true</existDependencyGenerateInDDl>
<parsed>true</parsed>
<columns itemClass="oracle.dbtools.crest.model.design.relational.Column">
<Column name="sensor_id" id="B5C4D210-A2F2-A844-0FA2-C9994D57EF46">
<createdBy>ccast</createdBy>
<createdTime>2024-10-13 21:15:17 UTC</createdTime>
<generatorID>60A16E62-E388-1F7F-0E1E-19E9E9C3C4DF</generatorID>
<ownerDesignName>Modelo_Cultivo_Sensor</ownerDesignName>
<useDomainConstraints>false</useDomainConstraints>
<use>1</use>
<logicalDatatype>LOGDT019</logicalDatatype>
<dataTypePrecision>10</dataTypePrecision>
<ownDataTypeParameters>,10,</ownDataTypeParameters>
<autoIncrementCycle>false</autoIncrementCycle>
</Column>
<Column name="tp_sensor_id" id="85042ABF-1D40-48E1-ACE8-B01AF849B611">
<createdBy>ccast</createdBy>
<createdTime>2024-10-13 21:15:17 UTC</createdTime>
<generatorID>BFA02ED0-41EA-5483-AD2C-4FCA8A6A58CD</generatorID>
<ownerDesignName>Modelo_Cultivo_Sensor</ownerDesignName>
<useDomainConstraints>false</useDomainConstraints>
<use>1</use>
<logicalDatatype>LOGDT019</logicalDatatype>
<dataTypePrecision>10</dataTypePrecision>
<ownDataTypeParameters>,,</ownDataTypeParameters>
<previousColumn>false</previousColumn>
<autoIncrementCycle>false</autoIncrementCycle>
<associations>
<colAssociation fkAssociation="42EEA380-A811-138C-04AB-540132C84627" referredColumn="60E701E8-2C3D-2859-0AA7-8424691EB05B"/>
</associations>
</Column>
<Column name="descricao" id="ED608916-D436-3CB0-9AA1-DE8FFF1D8DED">
<createdBy>ccast</createdBy>
<createdTime>2024-10-13 21:15:17 UTC</createdTime>
<generatorID>7670A4E3-BC44-5840-DDF0-99F1B0EB92CE</generatorID>
<ownerDesignName>Modelo_Cultivo_Sensor</ownerDesignName>
<useDomainConstraints>false</useDomainConstraints>
<use>1</use>
<logicalDatatype>LOGDT025</logicalDatatype>
<dataTypeSize>120</dataTypeSize>
<ownDataTypeParameters>120,,</ownDataTypeParameters>
<autoIncrementCycle>false</autoIncrementCycle>
</Column>
<Column name="sit" id="BDD743AD-07F9-7828-23AB-096836D60CCC">
<createdBy>ccast</createdBy>
<createdTime>2024-10-13 21:15:17 UTC</createdTime>
<generatorID>9D19E7BB-C15A-76AC-1D0E-69C4963D6189</generatorID>
<ownerDesignName>Modelo_Cultivo_Sensor</ownerDesignName>
<useDomainConstraints>false</useDomainConstraints>
<use>1</use>
<logicalDatatype>LOGDT019</logicalDatatype>
<dataTypePrecision>1</dataTypePrecision>
<ownDataTypeParameters>,1,</ownDataTypeParameters>
<autoIncrementCycle>false</autoIncrementCycle>
</Column>
</columns>
<indexes itemClass="oracle.dbtools.crest.model.design.relational.Index">
<ind_PK_UK id="48C31194-1D9D-F139-5DF3-132CB6B521D0" name="tb_agro_sensor_PK">
<createdBy>ccast</createdBy>
<createdTime>2024-10-13 21:15:17 UTC</createdTime>
<generatorID>BBE5F3BF-782C-CA88-505C-98D849E160E8</generatorID>
<ownerDesignName>Modelo_Cultivo_Sensor</ownerDesignName>
<pk>true</pk>
<indexState>Primary Constraint</indexState>
<isSurrogateKey>false</isSurrogateKey>
<indexColumnUsage>
<colUsage columnID="B5C4D210-A2F2-A844-0FA2-C9994D57EF46"/>
</indexColumnUsage>
</ind_PK_UK>
<ind_PK_UK id="D9D7D230-9B8D-1A23-80A2-C2709D84B6A4" name="FK_tb_agro_sensor_tp_sensor">
<createdBy>ccast</createdBy>
<createdTime>2024-10-13 21:15:17 UTC</createdTime>
<generatorID>15D3F851-283A-2208-13E5-21218FE32386</generatorID>
<ownerDesignName>Modelo_Cultivo_Sensor</ownerDesignName>
<indexState>Foreign Key</indexState>
<isSurrogateKey>false</isSurrogateKey>
<indexColumnUsage>
<colUsage columnID="85042ABF-1D40-48E1-ACE8-B01AF849B611"/>
</indexColumnUsage>
</ind_PK_UK>
</indexes>
</Table>