<?xml version = '1.0' encoding = 'UTF-8'?>
<Table class="oracle.dbtools.crest.model.design.relational.Table" directorySegmentName="seg_0" id="D2D7E9C9-9F53-858E-236F-48356ED6F78F" name="tb_agro_area">
<createdBy>ccast</createdBy>
<createdTime>2024-10-13 21:15:16 UTC</createdTime>
<generatorID>3B29DF71-0DA2-31DE-CC3D-7F1D882B5649</generatorID>
<ownerDesignName>Modelo_Cultivo_Sensor</ownerDesignName>
<allowColumnReorder>false</allowColumnReorder>
<existDependencyGenerateInDDl>true</existDependencyGenerateInDDl>
<parsed>true</parsed>
<columns itemClass="oracle.dbtools.crest.model.design.relational.Column">
<Column name="area_id" id="C6B96E4B-D3EE-A5EF-633A-993641FB9720">
<createdBy>ccast</createdBy>
<createdTime>2024-10-13 21:15:16 UTC</createdTime>
<generatorID>CD8B25D9-17CB-9292-E2E7-3D2C9DB739B1</generatorID>
<ownerDesignName>Modelo_Cultivo_Sensor</ownerDesignName>
<useDomainConstraints>false</useDomainConstraints>
<use>1</use>
<logicalDatatype>LOGDT019</logicalDatatype>
<dataTypePrecision>10</dataTypePrecision>
<ownDataTypeParameters>,10,</ownDataTypeParameters>
<autoIncrementCycle>false</autoIncrementCycle>
</Column>
<Column name="tamano" id="E83A24B7-EFC2-9C18-B75C-DEC3AD6C363B">
<createdBy>ccast</createdBy>
<createdTime>2024-10-13 21:15:16 UTC</createdTime>
<generatorID>844884C4-DE12-3393-CEDC-809E142D3A9C</generatorID>
<ownerDesignName>Modelo_Cultivo_Sensor</ownerDesignName>
<useDomainConstraints>false</useDomainConstraints>
<use>1</use>
<logicalDatatype>LOGDT019</logicalDatatype>
<dataTypePrecision>10</dataTypePrecision>
<dataTypeScale>2</dataTypeScale>
<ownDataTypeParameters>,10,2</ownDataTypeParameters>
<autoIncrementCycle>false</autoIncrementCycle>
</Column>
<Column name="latitude" id="B686E394-EEE7-5DE7-BEAC-573965AC5EA3">
<createdBy>ccast</createdBy>
<createdTime>2024-10-13 21:15:16 UTC</createdTime>
<generatorID>89E68FBB-9D9D-5EEB-2829-A726EDABD322</generatorID>
<ownerDesignName>Modelo_Cultivo_Sensor</ownerDesignName>
<useDomainConstraints>false</useDomainConstraints>
<use>1</use>
<logicalDatatype>LOGDT019</logicalDatatype>
<dataTypePrecision>10</dataTypePrecision>
<dataTypeScale>4</dataTypeScale>
<ownDataTypeParameters>,10,4</ownDataTypeParameters>
<autoIncrementCycle>false</autoIncrementCycle>
</Column>
<Column name="longitude" id="A8802C58-427C-12E6-53D0-BF474C28F157">
<createdBy>ccast</createdBy>
<createdTime>2024-10-13 21:15:16 UTC</createdTime>
<generatorID>56F8337F-C3E9-B04C-BA2F-4D54A61AA725</generatorID>
<ownerDesignName>Modelo_Cultivo_Sensor</ownerDesignName>
<useDomainConstraints>false</useDomainConstraints>
<use>1</use>
<logicalDatatype>LOGDT019</logicalDatatype>
<dataTypePrecision>10</dataTypePrecision>
<dataTypeScale>4</dataTypeScale>
<ownDataTypeParameters>,10,4</ownDataTypeParameters>
<autoIncrementCycle>false</autoIncrementCycle>
</Column>
</columns>
<indexes itemClass="oracle.dbtools.crest.model.design.relational.Index">
<ind_PK_UK id="F184FA06-8A9D-A0DE-8CE4-062AC557FCE3" name="tb_agro_area_PK">
<createdBy>ccast</createdBy>
<createdTime>2024-10-13 21:15:16 UTC</createdTime>
<generatorID>BFC3C62B-99D6-8E8F-9DDB-C8CFCF01F932</generatorID>
<ownerDesignName>Modelo_Cultivo_Sensor</ownerDesignName>
<pk>true</pk>
<indexState>Primary Constraint</indexState>
<isSurrogateKey>false</isSurrogateKey>
<indexColumnUsage>
<colUsage columnID="C6B96E4B-D3EE-A5EF-633A-993641FB9720"/>
</indexColumnUsage>
</ind_PK_UK>
</indexes>
</Table>