<?xml version = '1.0' encoding = 'UTF-8'?>
<Relation class="oracle.dbtools.crest.model.design.logical.Relation" name="plantada" directorySegmentName="seg_0" id="CCB6588B-C357-D816-45A7-A2319E8A3EB0">
<createdBy>ccast</createdBy>
<createdTime>2024-10-13 21:07:28 UTC</createdTime>
<ownerDesignName>Modelo_Cultivo_Sensor</ownerDesignName>
<engineerTo>
<item key="C4305F39-26BA-1EDB-4F90-476A39ACB165" value="true"/>
</engineerTo>
<sourcePk>F49E82E2-FEF0-5AA6-1822-132EBBF93A7E</sourcePk>
<identifying>false</identifying>
<optionalSource>false</optionalSource>
<optionalTarget>false</optionalTarget>
<sourceCardinality>*</sourceCardinality>
<sourceEntity>C8A5E7C0-A699-1623-9C6E-DE6BE5A410EF</sourceEntity>
<targetCardinalityString>*</targetCardinalityString>
<targetEntity>3B29DF71-0DA2-31DE-CC3D-7F1D882B5649</targetEntity>
<transferable>true</transferable>
<deleteRule>NO ACTION</deleteRule>
</Relation>