<?xml version = '1.0' encoding = 'UTF-8'?>
<Relation class="oracle.dbtools.crest.model.design.logical.Relation" name="ler" directorySegmentName="seg_0" id="E401292A-5182-AE57-A473-3D9F9297A9D4">
<createdBy>ccast</createdBy>
<createdTime>2024-10-13 19:34:47 UTC</createdTime>
<ownerDesignName>Modelo_Cultivo_Sensor</ownerDesignName>
<engineerTo>
<item key="C4305F39-26BA-1EDB-4F90-476A39ACB165" value="true"/>
</engineerTo>
<sourcePk>BBE5F3BF-782C-CA88-505C-98D849E160E8</sourcePk>
<identifying>false</identifying>
<optionalSource>true</optionalSource>
<optionalTarget>false</optionalTarget>
<sourceCardinality>1</sourceCardinality>
<sourceEntity>0FE891C3-7DC3-BF30-ECE9-B7582B41079F</sourceEntity>
<targetCardinalityString>*</targetCardinalityString>
<targetEntity>12DBFCD3-1EC0-7C6D-EB42-4C4799692FF1</targetEntity>
<transferable>true</transferable>
<deleteRule>NO ACTION</deleteRule>
</Relation>